{"cameraMode":{"drawMode":0,"name":"Shaded","section":"Shading Mode"},"sceneLighting":false,"audioPlay":false,"sceneViewState":{"showFog":true,"showMaterialUpdate":true,"showSkybox":true,"showFlares":true,"showImageEffects":true,"showParticleSystems":true},"in2DMode":false,"pivot":{"x":-10.227401733398438,"y":14.614169120788575,"z":-10.989999771118164},"rotation":{"x":0.06544654071331024,"y":-0.12383926659822464,"z":0.008162499405443669,"w":0.990108072757721},"size":8.113565444946289,"orthographic":false}